{"stats":{"minecraft:dropped":{"minecraft:moss_block":2,"minecraft:wheat_seeds":54,"minecraft:diamond_axe":1,"minecraft:baked_potato":6,"minecraft:ender_pearl":1,"minecraft:crossbow":1,"minecraft:feather":4,"minecraft:cobblestone":10,"minecraft:command_block":1,"minecraft:spruce_door":1,"minecraft:stick":64,"minecraft:dirt":26,"minecraft:mace":1,"minecraft:golden_carrot":4,"minecraft:torch":7,"minecraft:waxed_weathered_copper_bulb":1,"minecraft:music_disc_precipice":1,"minecraft:potion":3,"minecraft:flowering_azalea":1,"minecraft:flow_banner_pattern":1,"minecraft:iron_pickaxe":1,"minecraft:string":17,"minecraft:bone":2,"minecraft:gravel":2,"minecraft:stone_axe":1,"minecraft:tuff_bricks":1,"minecraft:stone_sword":1,"minecraft:wheat":1,"minecraft:chicken":1,"minecraft:rotten_flesh":2,"minecraft:clay_ball":14,"minecraft:waxed_copper_block":1,"minecraft:rabbit_foot":1,"minecraft:diamond_sword":1,"minecraft:hay_block":3,"minecraft:tipped_arrow":2,"minecraft:spruce_boat":1,"minecraft:shield":3,"minecraft:gunpowder":1,"minecraft:diamond_chestplate":1,"minecraft:spruce_trapdoor":5,"minecraft:spruce_planks":23,"minecraft:iron_chestplate":2,"minecraft:azalea":1,"minecraft:spider_eye":7,"minecraft:diamond_boots":1,"minecraft:bow":2,"minecraft:arrow":2,"minecraft:stone_pickaxe":2},"minecraft:custom":{"minecraft:interact_with_smithing_table":5,"minecraft:interact_with_anvil":2,"minecraft:mob_kills":87,"minecraft:interact_with_crafting_table":35,"minecraft:open_barrel":4,"minecraft:bell_ring":29,"minecraft:leave_game":7,"minecraft:time_since_death":14030,"minecraft:climb_one_cm":9733,"minecraft:sprint_one_cm":738085,"minecraft:walk_one_cm":833201,"minecraft:damage_blocked_by_shield":2938,"minecraft:drop":87,"minecraft:talked_to_villager":8,"minecraft:play_time":386825,"minecraft:sneak_time":23542,"minecraft:deaths":33,"minecraft:walk_under_water_one_cm":35621,"minecraft:boat_one_cm":399004,"minecraft:jump":5214,"minecraft:interact_with_blast_furnace":4,"minecraft:walk_on_water_one_cm":42210,"minecraft:enchant_item":3,"minecraft:total_world_time":386825,"minecraft:interact_with_furnace":65,"minecraft:play_record":8,"minecraft:traded_with_villager":26,"minecraft:interact_with_cartography_table":1,"minecraft:interact_with_grindstone":1,"minecraft:sleep_in_bed":27,"minecraft:time_since_rest":3723,"minecraft:damage_taken":9078,"minecraft:damage_dealt":12521,"minecraft:swim_one_cm":66271,"minecraft:fly_one_cm":1089688,"minecraft:open_chest":310,"minecraft:crouch_one_cm":64735,"minecraft:interact_with_smoker":12,"minecraft:fall_one_cm":124594},"minecraft:killed_by":{"minecraft:stray":1,"minecraft:creeper":4,"minecraft:spider":2,"minecraft:enderman":1,"minecraft:skeleton":6,"minecraft:zombie":6},"minecraft:mined":{"minecraft:spruce_planks":10,"minecraft:white_bed":5,"minecraft:cave_vines_plant":2,"minecraft:spruce_trapdoor":2,"minecraft:grass_block":23,"minecraft:spruce_leaves":93,"minecraft:moss_block":2,"minecraft:oxeye_daisy":2,"minecraft:hay_block":38,"minecraft:furnace":2,"minecraft:barrel":1,"minecraft:cobbled_deepslate":4,"minecraft:andesite":9,"minecraft:azure_bluet":4,"minecraft:rail":9,"minecraft:potatoes":4,"minecraft:cave_vines":1,"minecraft:deepslate_iron_ore":4,"minecraft:vine":3,"minecraft:packed_ice":7,"minecraft:stone":11,"minecraft:flowering_azalea":1,"minecraft:cornflower":2,"minecraft:dandelion":14,"minecraft:spruce_door":1,"minecraft:oak_fence":2,"minecraft:crafting_table":5,"minecraft:torch":2,"minecraft:short_grass":27,"minecraft:poppy":5,"minecraft:chest":2,"minecraft:tall_grass":17,"minecraft:oak_planks":38,"minecraft:wall_torch":1,"minecraft:ice":14,"minecraft:wheat":49,"minecraft:spruce_log":238,"minecraft:coal_ore":1,"minecraft:sand":3,"minecraft:sunflower":1,"minecraft:gravel":6,"minecraft:dirt":24,"minecraft:cobweb":8,"minecraft:chipped_anvil":1,"minecraft:oak_leaves":1,"minecraft:deepslate":21},"minecraft:used":{"minecraft:stone_sword":39,"minecraft:poppy":5,"minecraft:spruce_planks":56,"minecraft:shield":46,"minecraft:iron_sword":5,"minecraft:cooked_chicken":2,"minecraft:rotten_flesh":16,"minecraft:trial_key":12,"minecraft:iron_chestplate":1,"minecraft:torch":4,"minecraft:dirt":61,"minecraft:carrot":4,"minecraft:tuff":1,"minecraft:azure_bluet":4,"minecraft:snowball":88,"minecraft:milk_bucket":1,"minecraft:spruce_boat":9,"minecraft:wooden_axe":63,"minecraft:lava_bucket":28,"minecraft:chipped_anvil":1,"minecraft:iron_axe":59,"minecraft:iron_helmet":1,"minecraft:iron_boots":1,"minecraft:golden_sword":1,"minecraft:golden_carrot":9,"minecraft:bow":27,"minecraft:cooked_beef":2,"minecraft:cobbled_deepslate":19,"minecraft:iron_leggings":1,"minecraft:wheat_seeds":49,"minecraft:cooked_mutton":3,"minecraft:water_bucket":56,"minecraft:spruce_door":12,"minecraft:stone_pickaxe":54,"minecraft:baked_potato":3,"minecraft:oak_planks":10,"minecraft:wooden_pickaxe":19,"minecraft:diamond_axe":171,"minecraft:fletching_table":1,"minecraft:glow_berries":1,"minecraft:sand":4,"minecraft:crafting_table":4,"minecraft:white_bed":6,"minecraft:spruce_log":2,"minecraft:cornflower":2,"minecraft:oxeye_daisy":2,"minecraft:chicken":1,"minecraft:iron_pickaxe":5,"minecraft:wind_charge":22,"minecraft:command_block":6,"minecraft:oak_button":3,"minecraft:bread":21,"minecraft:spruce_sapling":12,"minecraft:golden_helmet":1,"minecraft:stone_axe":33,"minecraft:diamond_sword":226,"minecraft:cobblestone":22,"minecraft:cooked_porkchop":1,"minecraft:bucket":84,"minecraft:dandelion":13,"minecraft:bone_meal":23},"minecraft:crafted":{"minecraft:golden_carrot":3,"minecraft:bone_meal":132,"minecraft:cooked_mutton":2,"minecraft:diamond_leggings":1,"minecraft:stone_pickaxe":2,"minecraft:spruce_boat":1,"minecraft:cooked_beef":2,"minecraft:diamond_sword":1,"minecraft:emerald":26,"minecraft:crafting_table":1,"minecraft:spruce_planks":544,"minecraft:wooden_pickaxe":1,"minecraft:iron_helmet":1,"minecraft:baked_potato":3,"minecraft:iron_sword":1,"minecraft:spruce_door":3,"minecraft:fletching_table":1,"minecraft:birch_planks":4,"minecraft:stone_axe":2,"minecraft:bread":3,"minecraft:air":0,"minecraft:iron_chestplate":3,"minecraft:charcoal":4,"minecraft:shield":5,"minecraft:stick":868,"minecraft:iron_ingot":25,"minecraft:iron_pickaxe":1,"minecraft:wooden_axe":1,"minecraft:stone_sword":3,"minecraft:iron_leggings":1,"minecraft:torch":4,"minecraft:diamond_chestplate":2},"minecraft:killed":{"minecraft:spider":23,"minecraft:vindicator":1,"minecraft:skeleton":8,"minecraft:chicken":7,"minecraft:silverfish":5,"minecraft:pig":2,"minecraft:sheep":4,"minecraft:zombie":19,"minecraft:stray":13,"minecraft:cow":3},"minecraft:picked_up":{"minecraft:iron_chestplate":2,"minecraft:crafting_table":7,"minecraft:wheat":41,"minecraft:azure_bluet":4,"minecraft:chicken":11,"minecraft:clay_ball":18,"minecraft:diamond_sword":4,"minecraft:wooden_pickaxe":4,"minecraft:potion":4,"minecraft:golden_sword":1,"minecraft:shield":4,"minecraft:wind_charge":22,"minecraft:cornflower":2,"minecraft:string":29,"minecraft:moss_carpet":1,"minecraft:flow_banner_pattern":1,"minecraft:diamond_leggings":1,"minecraft:cobbled_deepslate":34,"minecraft:spruce_planks":109,"minecraft:beef":24,"minecraft:trial_key":20,"minecraft:azalea":2,"minecraft:poppy":5,"minecraft:light_gray_wool":2,"minecraft:chest":2,"minecraft:spruce_trapdoor":5,"minecraft:iron_boots":1,"minecraft:furnace":2,"minecraft:tipped_arrow":109,"minecraft:golden_helmet":2,"minecraft:stick":70,"minecraft:raw_iron":4,"minecraft:oak_fence":2,"minecraft:torch":13,"minecraft:fire_charge":1,"minecraft:porkchop":2,"minecraft:waxed_weathered_copper_bulb":1,"minecraft:diorite":5,"minecraft:carrot":3,"minecraft:music_disc_creator_music_box":4,"minecraft:rotten_flesh":70,"minecraft:arrow":120,"minecraft:honey_bottle":8,"minecraft:command_block":1,"minecraft:diamond_chestplate":2,"minecraft:tropical_fish":1,"minecraft:diamond_boots":1,"minecraft:hay_block":73,"minecraft:tuff_bricks":1,"minecraft:glow_berries":1,"minecraft:mutton":9,"minecraft:rail":12,"minecraft:snowball":71,"minecraft:white_wool":7,"minecraft:cobblestone":43,"minecraft:oxeye_daisy":2,"minecraft:birch_log":1,"minecraft:feather":16,"minecraft:cooked_beef":1,"minecraft:golden_carrot":9,"minecraft:andesite":9,"minecraft:leather":3,"minecraft:potato":2,"minecraft:birch_planks":4,"minecraft:filled_map":1,"minecraft:flint":2,"minecraft:tuff":1,"minecraft:waxed_copper_block":1,"minecraft:golden_boots":1,"minecraft:gunpowder":2,"minecraft:dirt":169,"minecraft:white_banner":1,"minecraft:cooked_mutton":5,"minecraft:bone":51,"minecraft:chipped_anvil":1,"minecraft:bow":9,"minecraft:wheat_seeds":119,"minecraft:iron_ingot":14,"minecraft:stone_pickaxe":5,"minecraft:cooked_chicken":2,"minecraft:bolt_armor_trim_smithing_template":1,"minecraft:moss_block":2,"minecraft:oak_planks":45,"minecraft:flowering_azalea":2,"minecraft:cooked_porkchop":9,"minecraft:lava_bucket":1,"minecraft:dandelion":13,"minecraft:gravel":2,"minecraft:sand":9,"minecraft:spruce_sapling":31,"minecraft:white_bed":5,"minecraft:spruce_log":262,"minecraft:spruce_door":13,"minecraft:spider_eye":7,"minecraft:barrel":1,"minecraft:diamond":6,"minecraft:spruce_boat":12,"minecraft:iron_helmet":1,"minecraft:granite":22,"minecraft:crossbow":2,"minecraft:diamond_axe":3,"minecraft:bone_meal":3,"minecraft:golden_apple":1,"minecraft:gray_wool":2,"minecraft:emerald":262,"minecraft:bread":31,"minecraft:music_disc_precipice":4,"minecraft:baked_potato":6,"minecraft:melon_seeds":2,"minecraft:coal":13,"minecraft:sunflower":2,"minecraft:wooden_axe":3,"minecraft:ender_pearl":1}},"DataVersion":3955}