{"stats":{"minecraft:dropped":{"minecraft:iron_sword":2,"minecraft:porkchop":10,"minecraft:ominous_bottle":1,"minecraft:lapis_lazuli":148,"minecraft:cooked_beef":8,"minecraft:glass_bottle":4,"minecraft:diamond":3,"minecraft:crossbow":1,"minecraft:fletching_table":1,"minecraft:rail":11,"minecraft:leather_helmet":1,"minecraft:red_mushroom":7,"minecraft:music_disc_creator_music_box":2,"minecraft:emerald":301,"minecraft:dirt":28,"minecraft:scrape_pottery_sherd":1,"minecraft:sunflower":1,"minecraft:bone_meal":188,"minecraft:sand":162,"minecraft:iron_pickaxe":3,"minecraft:bone":14,"minecraft:waxed_cut_copper_slab":1,"minecraft:stone_axe":1,"minecraft:compass":1,"minecraft:sugar_cane":17,"minecraft:iron_nugget":19,"minecraft:cooked_chicken":5,"minecraft:golden_chestplate":4,"minecraft:cobbled_deepslate":55,"minecraft:wheat":1,"minecraft:obsidian":1,"minecraft:rotten_flesh":74,"minecraft:oak_planks":8,"minecraft:waxed_copper_block":15,"minecraft:salmon":4,"minecraft:wind_charge":24,"minecraft:tipped_arrow":103,"minecraft:red_candle":4,"minecraft:leather_boots":2,"minecraft:beef":8,"minecraft:egg":7,"minecraft:iron_ingot":24,"minecraft:enchanted_book":3,"minecraft:golden_boots":1,"minecraft:wheat_seeds":384,"minecraft:feather":5,"minecraft:cobblestone":34,"minecraft:waxed_copper_grate":11,"minecraft:granite":7,"minecraft:spruce_door":8,"minecraft:coal":26,"minecraft:wooden_axe":1,"minecraft:rabbit":2,"minecraft:cooked_salmon":9,"minecraft:oak_stairs":4,"minecraft:white_banner":1,"minecraft:smooth_stone":3,"minecraft:string":303,"minecraft:spruce_sapling":2,"minecraft:stone_sword":2,"minecraft:chicken":1,"minecraft:white_carpet":2,"minecraft:clay_ball":26,"minecraft:iron_boots":14,"minecraft:name_tag":1,"minecraft:blast_furnace":1,"minecraft:potato":34,"minecraft:spruce_boat":1,"minecraft:spruce_trapdoor":2,"minecraft:spruce_planks":309,"minecraft:spider_eye":41,"minecraft:sandstone":36,"minecraft:bow":16,"minecraft:soul_sand":2,"minecraft:moss_block":1,"minecraft:diamond_axe":3,"minecraft:oak_log":5,"minecraft:baked_potato":48,"minecraft:lantern":60,"minecraft:leather":8,"minecraft:heavy_core":1,"minecraft:flint":2,"minecraft:spruce_leaves":5,"minecraft:mace":3,"minecraft:mutton":1,"minecraft:music_disc_precipice":1,"minecraft:snowball":17,"minecraft:pumpkin_pie":32,"minecraft:gravel":27,"minecraft:chiseled_tuff_bricks":4,"minecraft:beetroot":1,"minecraft:diamond_shovel":1,"minecraft:carrot":32,"minecraft:chainmail_chestplate":1,"minecraft:poppy":5,"minecraft:trident":1,"minecraft:gunpowder":6,"minecraft:lingering_potion":3,"minecraft:melon_seeds":1,"minecraft:azalea":3,"minecraft:chainmail_boots":2,"minecraft:arrow":593,"minecraft:scaffolding":13,"minecraft:quartz":29,"minecraft:splash_potion":1,"minecraft:netherrack":520,"minecraft:water_bucket":1,"minecraft:bread":122,"minecraft:golden_helmet":2,"minecraft:poisonous_potato":1,"minecraft:polished_tuff":1,"minecraft:activator_rail":4,"minecraft:copper_ingot":45,"minecraft:ominous_trial_key":1,"minecraft:grass_block":1,"minecraft:flow_armor_trim_smithing_template":1,"minecraft:stick":196,"minecraft:diorite":7,"minecraft:torch":41,"minecraft:waxed_oxidized_copper":5,"minecraft:fire_charge":37,"minecraft:flowering_azalea":1,"minecraft:iron_axe":3,"minecraft:flow_banner_pattern":2,"minecraft:bucket":1,"minecraft:smooth_basalt":1,"minecraft:redstone":39,"minecraft:tuff_bricks":29,"minecraft:oak_trapdoor":1,"minecraft:flow_pottery_sherd":2,"minecraft:raw_copper":9,"minecraft:tuff":1,"minecraft:raw_iron":8,"minecraft:iron_hoe":1,"minecraft:flint_and_steel":3,"minecraft:filled_map":6,"minecraft:shield":2,"minecraft:oak_button":3,"minecraft:trial_key":26,"minecraft:iron_chestplate":1,"minecraft:andesite":8,"minecraft:golden_leggings":1,"minecraft:oak_sapling":6,"minecraft:slime_ball":64,"minecraft:diamond_boots":3,"minecraft:spruce_log":98,"minecraft:stone_pickaxe":5,"minecraft:wooden_pickaxe":2,"minecraft:waxed_oxidized_copper_grate":1,"minecraft:brick":192},"minecraft:picked_up":{"minecraft:wooden_axe":4,"minecraft:iron_chestplate":9,"minecraft:chainmail_boots":4,"minecraft:diamond_sword":7,"minecraft:smithing_table":7,"minecraft:lead":17,"minecraft:oak_stairs":4,"minecraft:enchanted_book":13,"minecraft:brewing_stand":2,"minecraft:golden_sword":3,"minecraft:string":683,"minecraft:soul_soil":31,"minecraft:cooked_salmon":38,"minecraft:beetroot":2,"minecraft:diamond_leggings":10,"minecraft:gold_nugget":306,"minecraft:cobbled_deepslate":551,"minecraft:spruce_planks":637,"minecraft:trial_key":54,"minecraft:golden_helmet":5,"minecraft:composter":12,"minecraft:waxed_copper_grate":39,"minecraft:golden_chestplate":6,"minecraft:rabbit_foot":3,"minecraft:cauldron":5,"minecraft:stone_sword":2,"minecraft:honey_bottle":8,"minecraft:tropical_fish":6,"minecraft:iron_block":1,"minecraft:snowball":358,"minecraft:cooked_beef":14,"minecraft:feather":19,"minecraft:water_bucket":5,"minecraft:smoker":9,"minecraft:flint":11,"minecraft:map":8,"minecraft:lantern":63,"minecraft:chipped_anvil":1,"minecraft:guster_banner_pattern":1,"minecraft:rabbit":8,"minecraft:diamond_helmet":9,"minecraft:moss_block":5,"minecraft:stripped_spruce_log":39,"minecraft:iron_hoe":2,"minecraft:dispenser":5,"minecraft:granite":10,"minecraft:bread":61,"minecraft:music_disc_precipice":5,"minecraft:ominous_trial_key":6,"minecraft:diamond_pickaxe":4,"minecraft:spruce_leaves":606,"minecraft:crafting_table":24,"minecraft:ominous_bottle":10,"minecraft:clay_ball":44,"minecraft:golden_pickaxe":1,"minecraft:wind_charge":70,"minecraft:red_bed":4,"minecraft:flow_banner_pattern":4,"minecraft:flint_and_steel":6,"minecraft:white_carpet":13,"minecraft:compass":1,"minecraft:glass_pane":50,"minecraft:cartography_table":14,"minecraft:beef":36,"minecraft:iron_nugget":13,"minecraft:poppy":22,"minecraft:guster_pottery_sherd":1,"minecraft:chest":24,"minecraft:waxed_oxidized_copper":7,"minecraft:sandstone":165,"minecraft:oak_door":3,"minecraft:fire_charge":35,"minecraft:flow_pottery_sherd":3,"minecraft:mace":2,"minecraft:carrot":45,"minecraft:redstone":271,"minecraft:music_disc_creator_music_box":2,"minecraft:diamond_chestplate":7,"minecraft:beetroot_seeds":6,"minecraft:shears":1,"minecraft:diamond_boots":10,"minecraft:hay_block":71,"minecraft:flow_armor_trim_smithing_template":2,"minecraft:gold_ingot":150,"minecraft:tuff_bricks":85,"minecraft:mutton":44,"minecraft:glow_berries":31,"minecraft:rail":23,"minecraft:white_wool":41,"minecraft:red_mushroom":28,"minecraft:filled_map":4,"minecraft:oak_log":25,"minecraft:golden_boots":4,"minecraft:paper":64,"minecraft:white_banner":14,"minecraft:apple":6,"minecraft:kelp":328,"minecraft:stone_pickaxe":7,"minecraft:glass_bottle":1,"minecraft:iron_sword":4,"minecraft:flowering_azalea":2,"minecraft:smooth_basalt":1,"minecraft:gravel":142,"minecraft:spruce_sapling":292,"minecraft:spruce_log":1862,"minecraft:polished_tuff":5,"minecraft:diamond_shovel":4,"minecraft:slime_ball":160,"minecraft:stone_axe":6,"minecraft:diamond_axe":10,"minecraft:gray_wool":1,"minecraft:oak_button":3,"minecraft:baked_potato":183,"minecraft:melon_seeds":2,"minecraft:ender_pearl":11,"minecraft:wheat":262,"minecraft:potion":8,"minecraft:waxed_cut_copper_slab":1,"minecraft:raw_copper":9,"minecraft:red_candle":4,"minecraft:iron_leggings":1,"minecraft:activator_rail":4,"minecraft:smooth_stone":3,"minecraft:bucket":6,"minecraft:azalea":3,"minecraft:iron_pickaxe":9,"minecraft:iron_boots":24,"minecraft:furnace":24,"minecraft:tipped_arrow":353,"minecraft:stick":505,"minecraft:oak_fence":4,"minecraft:torch":180,"minecraft:porkchop":12,"minecraft:diorite":25,"minecraft:rotten_flesh":357,"minecraft:obsidian":50,"minecraft:cobblestone":897,"minecraft:enchanting_table":2,"minecraft:andesite":55,"minecraft:golden_leggings":3,"minecraft:potato":395,"minecraft:tuff":18,"minecraft:lapis_lazuli":288,"minecraft:dirt":752,"minecraft:name_tag":3,"minecraft:leather_boots":1,"minecraft:glass":4,"minecraft:bone":449,"minecraft:bow":39,"minecraft:wheat_seeds":1094,"minecraft:raw_gold":38,"minecraft:bell":7,"minecraft:bolt_armor_trim_smithing_template":2,"minecraft:fletching_table":8,"minecraft:scrape_pottery_sherd":2,"minecraft:oak_planks":41,"minecraft:ghast_tear":1,"minecraft:cooked_porkchop":4,"minecraft:sand":1490,"minecraft:grass_block":1,"minecraft:diamond_block":1,"minecraft:diamond":139,"minecraft:spruce_boat":32,"minecraft:waxed_oxidized_copper_grate":3,"minecraft:crossbow":5,"minecraft:breeze_rod":38,"minecraft:bone_meal":527,"minecraft:golden_apple":5,"minecraft:emerald":593,"minecraft:oak_sapling":9,"minecraft:netherrack":2316,"minecraft:lingering_potion":3,"minecraft:charcoal":66,"minecraft:splash_potion":13,"minecraft:chicken":10,"minecraft:wooden_pickaxe":1,"minecraft:gold_block":3,"minecraft:diamond_horse_armor":1,"minecraft:brick":250,"minecraft:shield":15,"minecraft:oak_trapdoor":3,"minecraft:moss_carpet":1,"minecraft:iron_axe":12,"minecraft:light_gray_wool":1,"minecraft:sugar_cane":357,"minecraft:spruce_trapdoor":7,"minecraft:raw_iron":293,"minecraft:copper_ingot":45,"minecraft:trident":3,"minecraft:arrow":1498,"minecraft:pumpkin_pie":71,"minecraft:golden_carrot":19,"minecraft:salmon":43,"minecraft:leather":51,"minecraft:birch_planks":4,"minecraft:chainmail_chestplate":2,"minecraft:waxed_copper_block":31,"minecraft:yellow_bed":4,"minecraft:gunpowder":35,"minecraft:cobblestone_stairs":1,"minecraft:cooked_mutton":2,"minecraft:rabbit_hide":8,"minecraft:iron_ingot":204,"minecraft:cooked_chicken":11,"minecraft:stripped_oak_wood":2,"minecraft:soul_sand":154,"minecraft:scaffolding":43,"minecraft:emerald_block":1,"minecraft:pumpkin":56,"minecraft:heavy_core":1,"minecraft:quartz":51,"minecraft:raw_iron_block":1,"minecraft:lava_bucket":1,"minecraft:blast_furnace":39,"minecraft:white_bed":17,"minecraft:spruce_door":38,"minecraft:spider_eye":104,"minecraft:chainmail_leggings":1,"minecraft:iron_helmet":1,"minecraft:chiseled_tuff_bricks":11,"minecraft:coal":357,"minecraft:sunflower":2},"minecraft:crafted":{"minecraft:smooth_stone":6,"minecraft:oak_sign":3,"minecraft:diamond_shovel":2,"minecraft:cooked_mutton":12,"minecraft:mace":1,"minecraft:glass":1307,"minecraft:diamond_helmet":9,"minecraft:diamond_leggings":5,"minecraft:tipped_arrow":10,"minecraft:cooked_rabbit":2,"minecraft:emerald":886,"minecraft:cooked_porkchop":1,"minecraft:diamond_axe":1,"minecraft:spruce_door":24,"minecraft:clock":1,"minecraft:copper_ingot":63,"minecraft:fletching_table":2,"minecraft:cartography_table":2,"minecraft:compass":2,"minecraft:iron_pickaxe":6,"minecraft:iron_block":6,"minecraft:gold_ingot":58,"minecraft:spruce_fence_gate":6,"minecraft:jukebox":1,"minecraft:bone_meal":555,"minecraft:white_carpet":9,"minecraft:diamond":9,"minecraft:spruce_stairs":4,"minecraft:stone_pickaxe":2,"minecraft:diamond_boots":5,"minecraft:spruce_boat":5,"minecraft:wheat":225,"minecraft:enchanting_table":1,"minecraft:iron_shovel":1,"minecraft:white_bed":14,"minecraft:oak_planks":44,"minecraft:stone":7,"minecraft:bow":21,"minecraft:iron_boots":22,"minecraft:chest":29,"minecraft:smoker":2,"minecraft:arrow":1024,"minecraft:map":16,"minecraft:crafting_table":17,"minecraft:spruce_planks":6780,"minecraft:baked_potato":321,"minecraft:wooden_pickaxe":1,"minecraft:pumpkin_seeds":44,"minecraft:spruce_trapdoor":6,"minecraft:book":1,"minecraft:iron_chestplate":4,"minecraft:paper":105,"minecraft:charcoal":194,"minecraft:diamond_pickaxe":3,"minecraft:shield":11,"minecraft:stick":16110,"minecraft:iron_ingot":216,"minecraft:snow_block":14,"minecraft:shears":4,"minecraft:oak_door":3,"minecraft:raw_iron":9,"minecraft:furnace":17,"minecraft:blast_furnace":1,"minecraft:glass_pane":3276,"minecraft:flint_and_steel":4,"minecraft:iron_hoe":3,"minecraft:filled_map":3,"minecraft:cooked_beef":8,"minecraft:diamond_sword":4,"minecraft:iron_sword":1,"minecraft:cooked_salmon":34,"minecraft:bucket":2,"minecraft:stone_axe":1,"minecraft:air":0,"minecraft:bread":109,"minecraft:white_wool":13,"minecraft:anvil":2,"minecraft:pumpkin_pie":200,"minecraft:torch":132,"minecraft:diamond_chestplate":4},"minecraft:broken":{"minecraft:diamond_helmet":2,"minecraft:shears":2,"minecraft:bow":2,"minecraft:shield":4,"minecraft:iron_pickaxe":3,"minecraft:flint_and_steel":3,"minecraft:diamond_axe":1,"minecraft:golden_pickaxe":1},"minecraft:used":{"minecraft:beetroot":1,"minecraft:moss_block":4,"minecraft:tuff_bricks":11,"minecraft:poppy":7,"minecraft:chest":42,"minecraft:stone":1,"minecraft:rotten_flesh":36,"minecraft:soul_sand":59,"minecraft:snowball":229,"minecraft:stripped_spruce_log":27,"minecraft:spruce_boat":29,"minecraft:lava_bucket":9,"minecraft:bow":1078,"minecraft:ominous_bottle":4,"minecraft:furnace":33,"minecraft:oak_sapling":3,"minecraft:potato":124,"minecraft:spruce_door":34,"minecraft:wooden_pickaxe":14,"minecraft:composter":7,"minecraft:golden_apple":4,"minecraft:glow_berries":32,"minecraft:sand":8,"minecraft:blast_furnace":38,"minecraft:pumpkin_seeds":42,"minecraft:chiseled_tuff_bricks":7,"minecraft:diamond_sword":2120,"minecraft:fire_charge":5,"minecraft:smithing_table":5,"minecraft:oak_trapdoor":1,"minecraft:enchanting_table":2,"minecraft:stone_sword":12,"minecraft:cooked_salmon":48,"minecraft:netherrack":1002,"minecraft:trial_key":22,"minecraft:torch":255,"minecraft:anvil":2,"minecraft:diamond_chestplate":2,"minecraft:cobbled_deepslate":214,"minecraft:wheat_seeds":360,"minecraft:water_bucket":185,"minecraft:cartography_table":15,"minecraft:fletching_table":7,"minecraft:spruce_fence_gate":6,"minecraft:crafting_table":35,"minecraft:red_bed":2,"minecraft:white_bed":27,"minecraft:cake":1,"minecraft:spruce_log":409,"minecraft:oak_log":4,"minecraft:diamond_pickaxe":4586,"minecraft:diamond_shovel":1855,"minecraft:ominous_trial_key":5,"minecraft:wind_charge":15,"minecraft:iron_pickaxe":1233,"minecraft:spruce_trapdoor":10,"minecraft:spruce_sapling":144,"minecraft:cobblestone":229,"minecraft:potion":5,"minecraft:cooked_porkchop":1,"minecraft:glass_pane":5,"minecraft:kelp":91,"minecraft:jukebox":1,"minecraft:diamond_leggings":3,"minecraft:moss_carpet":1,"minecraft:iron_shovel":194,"minecraft:oak_sign":1,"minecraft:shield":234,"minecraft:iron_sword":261,"minecraft:bell":4,"minecraft:iron_chestplate":1,"minecraft:spruce_leaves":549,"minecraft:mutton":2,"minecraft:carrot":20,"minecraft:waxed_copper_grate":19,"minecraft:tuff":16,"minecraft:axolotl_bucket":3,"minecraft:obsidian":40,"minecraft:waxed_oxidized_copper":1,"minecraft:lantern":3,"minecraft:iron_helmet":1,"minecraft:hay_block":11,"minecraft:scaffolding":25,"minecraft:beetroot_seeds":6,"minecraft:stone_pickaxe":34,"minecraft:oak_planks":22,"minecraft:ender_pearl":1,"minecraft:sandstone":73,"minecraft:diamond_axe":2057,"minecraft:sugar_cane":38,"minecraft:white_wool":1,"minecraft:shears":664,"minecraft:polished_tuff":2,"minecraft:mace":2,"minecraft:bread":34,"minecraft:gravel":86,"minecraft:stripped_oak_wood":2,"minecraft:cooked_rabbit":9,"minecraft:andesite":30,"minecraft:bone_meal":389,"minecraft:golden_pickaxe":1,"minecraft:oak_fence":1,"minecraft:trident":15,"minecraft:flint_and_steel":198,"minecraft:spruce_planks":261,"minecraft:cooked_chicken":4,"minecraft:oak_door":3,"minecraft:dirt":474,"minecraft:white_carpet":20,"minecraft:spruce_stairs":4,"minecraft:diamond_helmet":1,"minecraft:iron_hoe":231,"minecraft:golden_carrot":3,"minecraft:soul_soil":27,"minecraft:cooked_beef":5,"minecraft:cooked_mutton":14,"minecraft:cobblestone_stairs":1,"minecraft:snow_block":14,"minecraft:baked_potato":327,"minecraft:waxed_copper_block":5,"minecraft:smoker":10,"minecraft:stone_axe":143,"minecraft:white_banner":2,"minecraft:bucket":198,"minecraft:yellow_bed":4,"minecraft:pumpkin_pie":152},"minecraft:killed_by":{"minecraft:vindicator":1,"minecraft:zombie":1,"minecraft:creeper":5,"minecraft:iron_golem":2,"minecraft:skeleton":4},"minecraft:killed":{"minecraft:cave_spider":3,"minecraft:skeleton":94,"minecraft:chicken":4,"minecraft:skeleton_horse":2,"minecraft:salmon":40,"minecraft:iron_golem":22,"minecraft:pillager":31,"minecraft:zombie":224,"minecraft:cow":19,"minecraft:evoker":1,"minecraft:vindicator":13,"minecraft:husk":10,"minecraft:rabbit":3,"minecraft:ravager":2,"minecraft:polar_bear":2,"minecraft:breeze":28,"minecraft:enderman":10,"minecraft:zombified_piglin":33,"minecraft:witch":6,"minecraft:spider":236,"minecraft:silverfish":46,"minecraft:piglin":8,"minecraft:pig":8,"minecraft:zombie_villager":3,"minecraft:creeper":55,"minecraft:sheep":24,"minecraft:trader_llama":2,"minecraft:stray":239,"minecraft:ghast":1,"minecraft:vex":1,"minecraft:armadillo":1,"minecraft:bogged":38,"minecraft:slime":104,"minecraft:drowned":1,"minecraft:bat":1},"minecraft:mined":{"minecraft:white_bed":12,"minecraft:obsidian":47,"minecraft:granite":64,"minecraft:chiseled_tuff_bricks":14,"minecraft:spawner":1,"minecraft:tall_seagrass":7,"minecraft:magma_block":1,"minecraft:cobbled_deepslate":78,"minecraft:fire":13,"minecraft:pumpkin":59,"minecraft:fletching_table":5,"minecraft:enchanting_table":2,"minecraft:cave_vines":4,"minecraft:water_cauldron":4,"minecraft:dirt_path":25,"minecraft:oak_stairs":12,"minecraft:red_bed":2,"minecraft:kelp_plant":100,"minecraft:smoker":10,"minecraft:torch":69,"minecraft:blast_furnace":38,"minecraft:sugar_cane":122,"minecraft:amethyst_block":1,"minecraft:waxed_copper_bulb":2,"minecraft:wheat":237,"minecraft:waxed_copper_block":44,"minecraft:stone_brick_stairs":1,"minecraft:smooth_basalt":2,"minecraft:deepslate":624,"minecraft:waxed_oxidized_chiseled_copper":2,"minecraft:spruce_fence":6,"minecraft:moss_block":5,"minecraft:cartography_table":14,"minecraft:red_mushroom":7,"minecraft:kelp":89,"minecraft:waxed_oxidized_cut_copper":3,"minecraft:waxed_copper_grate":50,"minecraft:snow":165,"minecraft:andesite":46,"minecraft:chiseled_tuff":2,"minecraft:potatoes":124,"minecraft:vine":2,"minecraft:rail":6,"minecraft:waxed_weathered_copper_bulb":1,"minecraft:smithing_table":7,"minecraft:oak_slab":1,"minecraft:glass_pane":1,"minecraft:soul_sand":148,"minecraft:short_grass":301,"minecraft:emerald_ore":5,"minecraft:tall_grass":38,"minecraft:copper_ore":2,"minecraft:deepslate_gold_ore":21,"minecraft:diorite":79,"minecraft:cobblestone_wall":2,"minecraft:white_carpet":11,"minecraft:spruce_log":1709,"minecraft:birch_leaves":2,"minecraft:gravel":108,"minecraft:cobweb":101,"minecraft:chipped_anvil":1,"minecraft:fern":9,"minecraft:waxed_cut_copper_slab":1,"minecraft:spruce_planks":53,"minecraft:farmland":2,"minecraft:cobblestone_stairs":2,"minecraft:brewing_stand":1,"minecraft:spruce_trapdoor":6,"minecraft:cave_vines_plant":4,"minecraft:grass_block":295,"minecraft:soul_soil":43,"minecraft:composter":13,"minecraft:tuff_bricks":127,"minecraft:raw_iron_block":1,"minecraft:iron_ore":97,"minecraft:polished_tuff":9,"minecraft:azalea":1,"minecraft:deepslate_redstone_ore":22,"minecraft:clay":15,"minecraft:calcite":1,"minecraft:poppy":1,"minecraft:chest":27,"minecraft:nether_quartz_ore":34,"minecraft:cobblestone":90,"minecraft:oak_planks":26,"minecraft:wall_torch":14,"minecraft:cauldron":1,"minecraft:seagrass":3,"minecraft:red_candle":3,"minecraft:stripped_oak_wood":2,"minecraft:oak_log":26,"minecraft:beetroots":4,"minecraft:waxed_oxidized_copper":15,"minecraft:sand":1207,"minecraft:dirt":236,"minecraft:dispenser":17,"minecraft:netherrack":2480,"minecraft:oak_leaves":54,"minecraft:nether_gold_ore":45,"minecraft:tuff":17,"minecraft:deepslate_diamond_ore":78,"minecraft:oak_door":3,"minecraft:glow_lichen":2,"minecraft:decorated_pot":79,"minecraft:spruce_leaves":708,"minecraft:sandstone":139,"minecraft:large_fern":3,"minecraft:hay_block":33,"minecraft:spruce_sapling":9,"minecraft:furnace":25,"minecraft:carrots":22,"minecraft:stripped_spruce_log":31,"minecraft:gold_block":3,"minecraft:bell":5,"minecraft:deepslate_iron_ore":135,"minecraft:lantern":17,"minecraft:packed_ice":49,"minecraft:stone":906,"minecraft:podzol":33,"minecraft:scaffolding":16,"minecraft:flowering_azalea":1,"minecraft:spruce_door":19,"minecraft:oak_fence":7,"minecraft:crafting_table":21,"minecraft:lapis_ore":5,"minecraft:spruce_stairs":4,"minecraft:waxed_oxidized_copper_grate":3,"minecraft:ice":42,"minecraft:white_wall_banner":1,"minecraft:yellow_bed":4,"minecraft:coal_ore":255,"minecraft:flower_pot":1,"minecraft:cracked_stone_bricks":2},"minecraft:custom":{"minecraft:interact_with_crafting_table":258,"minecraft:open_barrel":29,"minecraft:bell_ring":148,"minecraft:leave_game":9,"minecraft:time_since_death":176534,"minecraft:damage_blocked_by_shield":19458,"minecraft:play_time":1438957,"minecraft:deaths":17,"minecraft:jump":28011,"minecraft:enchant_item":7,"minecraft:interact_with_furnace":363,"minecraft:play_record":2,"minecraft:traded_with_villager":1074,"minecraft:interact_with_cartography_table":5,"minecraft:sleep_in_bed":58,"minecraft:damage_dealt":146735,"minecraft:interact_with_smoker":127,"minecraft:inspect_dispenser":46,"minecraft:horse_one_cm":1331,"minecraft:interact_with_smithing_table":13,"minecraft:interact_with_anvil":41,"minecraft:sneak_time":38169,"minecraft:interact_with_blast_furnace":40,"minecraft:total_world_time":1438957,"minecraft:time_since_rest":40192,"minecraft:swim_one_cm":581414,"minecraft:fly_one_cm":5331478,"minecraft:open_chest":1219,"minecraft:fall_one_cm":695229,"minecraft:animals_bred":1,"minecraft:sprint_one_cm":4670941,"minecraft:drop":682,"minecraft:talked_to_villager":427,"minecraft:walk_on_water_one_cm":220469,"minecraft:crouch_one_cm":88604,"minecraft:mob_kills":1338,"minecraft:climb_one_cm":47701,"minecraft:walk_one_cm":3743828,"minecraft:walk_under_water_one_cm":403863,"minecraft:boat_one_cm":770071,"minecraft:raid_trigger":2,"minecraft:damage_taken":30908,"minecraft:damage_absorbed":158}},"DataVersion":3955}