{"stats":{"minecraft:dropped":{"minecraft:guster_pottery_sherd":2,"minecraft:diamond_axe":1,"minecraft:baked_potato":1,"minecraft:golden_pickaxe":1,"minecraft:glass_bottle":1,"minecraft:honeycomb":3,"minecraft:rail":17,"minecraft:music_disc_creator_music_box":2,"minecraft:emerald":9,"minecraft:flint":3,"minecraft:mace":1,"minecraft:waxed_oxidized_chiseled_copper":1,"minecraft:scrape_pottery_sherd":2,"minecraft:snowball":22,"minecraft:sand":13,"minecraft:iron_pickaxe":1,"minecraft:gold_ingot":5,"minecraft:emerald_block":1,"minecraft:chiseled_tuff_bricks":4,"minecraft:cobbled_deepslate":2,"minecraft:wheat":10,"minecraft:rotten_flesh":5,"minecraft:waxed_copper_block":12,"minecraft:tipped_arrow":9,"minecraft:red_candle":6,"minecraft:chest":1,"minecraft:chiseled_tuff":2,"minecraft:glass":4,"minecraft:scaffolding":10,"minecraft:netherrack":18,"minecraft:water_bucket":1,"minecraft:iron_ingot":2,"minecraft:wheat_seeds":31,"minecraft:golden_helmet":1,"minecraft:cobblestone":1,"minecraft:lead":1,"minecraft:waxed_copper_grate":38,"minecraft:polished_tuff":2,"minecraft:activator_rail":7,"minecraft:coal":2,"minecraft:stick":4,"minecraft:torch":2,"minecraft:cooked_salmon":21,"minecraft:waxed_oxidized_copper":5,"minecraft:fire_charge":50,"minecraft:white_banner":1,"minecraft:flow_banner_pattern":3,"minecraft:paper":25,"minecraft:string":1,"minecraft:bucket":3,"minecraft:spruce_sapling":7,"minecraft:tuff_bricks":25,"minecraft:flow_pottery_sherd":4,"minecraft:raw_copper":38,"minecraft:bamboo_hanging_sign":2,"minecraft:raw_iron":16,"minecraft:clay_ball":7,"minecraft:glass_pane":46,"minecraft:filled_map":2,"minecraft:potato":2,"minecraft:hay_block":3,"minecraft:trial_key":5,"minecraft:waxed_oxidized_cut_copper":2,"minecraft:golden_sword":4,"minecraft:spider_eye":12,"minecraft:spruce_log":54,"minecraft:brick":123},"minecraft:picked_up":{"minecraft:iron_chestplate":6,"minecraft:wheat":353,"minecraft:chainmail_boots":2,"minecraft:flower_pot":1,"minecraft:smithing_table":2,"minecraft:lead":1,"minecraft:diamond_sword":1,"minecraft:potion":14,"minecraft:enchanted_book":9,"minecraft:golden_sword":10,"minecraft:string":668,"minecraft:raw_copper":38,"minecraft:soul_soil":3,"minecraft:cooked_salmon":17,"minecraft:red_candle":6,"minecraft:activator_rail":4,"minecraft:diamond_leggings":5,"minecraft:cobbled_deepslate":236,"minecraft:gold_nugget":61,"minecraft:smooth_stone":3,"minecraft:bucket":5,"minecraft:spruce_planks":294,"minecraft:trial_key":36,"minecraft:iron_pickaxe":3,"minecraft:furnace":7,"minecraft:iron_boots":28,"minecraft:tipped_arrow":269,"minecraft:stick":604,"minecraft:jukebox":1,"minecraft:composter":4,"minecraft:torch":130,"minecraft:spruce_stairs":9,"minecraft:golden_axe":1,"minecraft:waxed_weathered_copper_bulb":1,"minecraft:waxed_copper_grate":42,"minecraft:diorite":6,"minecraft:golden_chestplate":11,"minecraft:rabbit_foot":3,"minecraft:stone_sword":2,"minecraft:honey_bottle":11,"minecraft:rotten_flesh":226,"minecraft:snowball":170,"minecraft:cobblestone":304,"minecraft:cooked_beef":9,"minecraft:feather":8,"minecraft:water_bucket":1,"minecraft:andesite":11,"minecraft:golden_leggings":5,"minecraft:smoker":1,"minecraft:potato":164,"minecraft:flint":4,"minecraft:stripped_spruce_wood":38,"minecraft:lantern":19,"minecraft:map":8,"minecraft:lapis_lazuli":134,"minecraft:dirt":366,"minecraft:name_tag":6,"minecraft:leather_boots":6,"minecraft:glass":10,"minecraft:bone":226,"minecraft:bow":36,"minecraft:wheat_seeds":1031,"minecraft:raw_gold":13,"minecraft:bell":2,"minecraft:bolt_armor_trim_smithing_template":4,"minecraft:rabbit":12,"minecraft:diamond_helmet":6,"minecraft:glowstone_dust":1,"minecraft:moss_block":2,"minecraft:scrape_pottery_sherd":4,"minecraft:oak_planks":26,"minecraft:poisonous_potato":2,"minecraft:sand":226,"minecraft:stripped_spruce_log":18,"minecraft:ink_sac":1,"minecraft:grass_block":2,"minecraft:diamond":28,"minecraft:spruce_boat":9,"minecraft:granite":2,"minecraft:crossbow":2,"minecraft:breeze_rod":5,"minecraft:golden_apple":1,"minecraft:spruce_sign":2,"minecraft:emerald":146,"minecraft:bread":50,"minecraft:music_disc_precipice":3,"minecraft:netherrack":1350,"minecraft:ominous_trial_key":7,"minecraft:waxed_oxidized_cut_copper":6,"minecraft:crafting_table":13,"minecraft:ominous_bottle":2,"minecraft:chicken":6,"minecraft:clay_ball":28,"minecraft:golden_pickaxe":1,"minecraft:wooden_pickaxe":5,"minecraft:cooked_rabbit":7,"minecraft:diamond_horse_armor":1,"minecraft:brick":216,"minecraft:shield":16,"minecraft:wind_charge":70,"minecraft:moss_carpet":1,"minecraft:flow_banner_pattern":6,"minecraft:iron_axe":7,"minecraft:flint_and_steel":6,"minecraft:iron_shovel":1,"minecraft:glass_pane":70,"minecraft:beef":8,"minecraft:chiseled_tuff":2,"minecraft:iron_nugget":19,"minecraft:poppy":6,"minecraft:guster_pottery_sherd":2,"minecraft:chest":31,"minecraft:sugar_cane":77,"minecraft:spruce_trapdoor":26,"minecraft:waxed_oxidized_copper":9,"minecraft:raw_iron":18,"minecraft:sandstone":129,"minecraft:bamboo_hanging_sign":2,"minecraft:spruce_fence":50,"minecraft:fire_charge":45,"minecraft:flow_pottery_sherd":9,"minecraft:mace":6,"minecraft:trident":2,"minecraft:carrot":60,"minecraft:redstone":84,"minecraft:music_disc_creator_music_box":12,"minecraft:waxed_oxidized_chiseled_copper":2,"minecraft:arrow":1009,"minecraft:diamond_chestplate":5,"minecraft:pumpkin_pie":37,"minecraft:diamond_boots":6,"minecraft:hay_block":3,"minecraft:flow_armor_trim_smithing_template":3,"minecraft:gold_ingot":5,"minecraft:tuff_bricks":45,"minecraft:mutton":2,"minecraft:rail":20,"minecraft:white_wool":3,"minecraft:clock":1,"minecraft:golden_carrot":13,"minecraft:salmon":21,"minecraft:leather":1,"minecraft:filled_map":5,"minecraft:chainmail_chestplate":1,"minecraft:oak_log":4,"minecraft:waxed_copper_block":15,"minecraft:golden_boots":5,"minecraft:gunpowder":65,"minecraft:cobblestone_stairs":2,"minecraft:paper":25,"minecraft:white_banner":3,"minecraft:rabbit_hide":15,"minecraft:heart_of_the_sea":1,"minecraft:iron_ingot":80,"minecraft:stone_pickaxe":7,"minecraft:cooked_chicken":9,"minecraft:glass_bottle":3,"minecraft:iron_sword":3,"minecraft:flowering_azalea":1,"minecraft:soul_sand":27,"minecraft:book":1,"minecraft:scaffolding":18,"minecraft:emerald_block":2,"minecraft:heavy_core":2,"minecraft:quartz":59,"minecraft:gravel":60,"minecraft:spruce_sapling":256,"minecraft:white_bed":9,"minecraft:spruce_log":2022,"minecraft:spruce_door":24,"minecraft:spider_eye":71,"minecraft:polished_tuff":4,"minecraft:leather_helmet":11,"minecraft:diamond_shovel":1,"minecraft:slime_ball":332,"minecraft:stone_axe":10,"minecraft:chainmail_leggings":4,"minecraft:diamond_axe":14,"minecraft:baked_potato":107,"minecraft:chiseled_tuff_bricks":6,"minecraft:coal":77,"minecraft:wooden_axe":5,"minecraft:ender_pearl":6},"minecraft:crafted":{"minecraft:cobblestone_stairs":24,"minecraft:chest":23,"minecraft:cooked_rabbit":7,"minecraft:emerald":12,"minecraft:diamond_axe":1,"minecraft:crafting_table":7,"minecraft:spruce_planks":2444,"minecraft:wooden_pickaxe":4,"minecraft:baked_potato":5,"minecraft:spruce_trapdoor":8,"minecraft:charcoal":36,"minecraft:shield":1,"minecraft:stick":32,"minecraft:iron_ingot":2,"minecraft:iron_pickaxe":3,"minecraft:bone_meal":147,"minecraft:glass_pane":96,"minecraft:flint_and_steel":1,"minecraft:stone_pickaxe":1,"minecraft:spruce_boat":1,"minecraft:cooked_beef":3,"minecraft:spruce_sign":3,"minecraft:cooked_salmon":18,"minecraft:bucket":11,"minecraft:stone_axe":1,"minecraft:air":0,"minecraft:bread":16,"minecraft:wooden_axe":6,"minecraft:diamond_chestplate":1},"minecraft:broken":{"minecraft:stone_pickaxe":1,"minecraft:stone_axe":3,"minecraft:wooden_axe":1,"minecraft:bow":1,"minecraft:shield":3,"minecraft:golden_axe":1,"minecraft:diamond_axe":1,"minecraft:iron_pickaxe":4},"minecraft:used":{"minecraft:tuff_bricks":2,"minecraft:chest":41,"minecraft:shield":151,"minecraft:iron_sword":10,"minecraft:rotten_flesh":3,"minecraft:iron_chestplate":3,"minecraft:soul_sand":17,"minecraft:carrot":36,"minecraft:waxed_copper_grate":4,"minecraft:snowball":102,"minecraft:stripped_spruce_log":1,"minecraft:spruce_boat":6,"minecraft:lava_bucket":10,"minecraft:bow":377,"minecraft:ominous_bottle":1,"minecraft:furnace":2,"minecraft:beetroot_seeds":2,"minecraft:egg":16,"minecraft:potato":44,"minecraft:golden_boots":1,"minecraft:diorite":6,"minecraft:diamond_boots":4,"minecraft:spruce_door":11,"minecraft:waxed_weathered_copper_bulb":1,"minecraft:stone_pickaxe":191,"minecraft:oak_planks":1,"minecraft:wooden_pickaxe":34,"minecraft:sandstone":8,"minecraft:composter":1,"minecraft:diamond_axe":2045,"minecraft:glow_berries":3,"minecraft:sand":11,"minecraft:crossbow":1,"minecraft:lingering_potion":8,"minecraft:mace":157,"minecraft:bread":25,"minecraft:gravel":29,"minecraft:chiseled_tuff_bricks":1,"minecraft:fire_charge":2,"minecraft:andesite":2,"minecraft:poisonous_potato":1,"minecraft:bone_meal":151,"minecraft:golden_pickaxe":8,"minecraft:flint_and_steel":3,"minecraft:spruce_planks":96,"minecraft:cooked_salmon":8,"minecraft:trial_key":15,"minecraft:cooked_chicken":6,"minecraft:netherrack":613,"minecraft:torch":8,"minecraft:dirt":111,"minecraft:diamond_helmet":2,"minecraft:golden_chestplate":1,"minecraft:wooden_axe":210,"minecraft:iron_axe":72,"minecraft:iron_boots":3,"minecraft:diamond_chestplate":3,"minecraft:golden_carrot":3,"minecraft:soul_soil":3,"minecraft:cooked_beef":9,"minecraft:cobbled_deepslate":87,"minecraft:golden_axe":32,"minecraft:wheat_seeds":198,"minecraft:water_bucket":6,"minecraft:cobblestone_stairs":20,"minecraft:baked_potato":28,"minecraft:waxed_oxidized_cut_copper":1,"minecraft:cauldron":1,"minecraft:spruce_sign":2,"minecraft:leather_boots":2,"minecraft:waxed_copper_block":1,"minecraft:crafting_table":11,"minecraft:white_bed":8,"minecraft:spruce_log":252,"minecraft:ominous_trial_key":4,"minecraft:diamond_shovel":9,"minecraft:wind_charge":70,"minecraft:iron_pickaxe":1201,"minecraft:leather_helmet":3,"minecraft:spruce_trapdoor":22,"minecraft:spruce_sapling":47,"minecraft:stone_axe":252,"minecraft:cobblestone":199,"minecraft:bucket":12,"minecraft:pumpkin_pie":5,"minecraft:diamond_leggings":4,"minecraft:jukebox":1,"minecraft:chainmail_leggings":1},"minecraft:killed":{"minecraft:cave_spider":1,"minecraft:zombified_piglin":37,"minecraft:spider":52,"minecraft:skeleton":15,"minecraft:chicken":1,"minecraft:silverfish":11,"minecraft:piglin":1,"minecraft:salmon":22,"minecraft:creeper":24,"minecraft:sheep":1,"minecraft:pillager":5,"minecraft:zombie":42,"minecraft:stray":43,"minecraft:cow":3,"minecraft:slime":58,"minecraft:rabbit":7,"minecraft:squid":1,"minecraft:breeze":1,"minecraft:enderman":2},"minecraft:killed_by":{"minecraft:ghast":1,"minecraft:creeper":11,"minecraft:drowned":1,"minecraft:vindicator":2,"minecraft:zombie":6,"minecraft:stray":14,"minecraft:spider":1,"minecraft:enderman":2,"minecraft:iron_golem":2,"minecraft:slime":2,"minecraft:skeleton":7},"minecraft:mined":{"minecraft:spruce_planks":100,"minecraft:white_bed":11,"minecraft:cobblestone_stairs":2,"minecraft:spruce_trapdoor":21,"minecraft:granite":1,"minecraft:grass_block":33,"minecraft:soul_soil":3,"minecraft:chiseled_tuff_bricks":4,"minecraft:tuff_bricks":5,"minecraft:iron_ore":9,"minecraft:cobbled_deepslate":14,"minecraft:fire":26,"minecraft:deepslate_lapis_ore":8,"minecraft:torch":6,"minecraft:chest":23,"minecraft:spruce_wall_sign":2,"minecraft:nether_quartz_ore":19,"minecraft:cobblestone":51,"minecraft:oak_planks":20,"minecraft:wall_torch":9,"minecraft:deepslate_copper_ore":4,"minecraft:wheat":299,"minecraft:jukebox":1,"minecraft:oak_log":4,"minecraft:sand":18,"minecraft:dirt":42,"minecraft:netherrack":993,"minecraft:oak_leaves":57,"minecraft:deepslate":54,"minecraft:glow_lichen":1,"minecraft:spruce_fence":22,"minecraft:decorated_pot":8,"minecraft:spruce_leaves":181,"minecraft:sandstone":1,"minecraft:waxed_oxidized_cut_copper":2,"minecraft:spruce_sapling":3,"minecraft:carrots":16,"minecraft:andesite":5,"minecraft:stripped_spruce_log":9,"minecraft:bell":1,"minecraft:potatoes":58,"minecraft:deepslate_iron_ore":1,"minecraft:stone":175,"minecraft:podzol":2,"minecraft:glass_pane":4,"minecraft:soul_sand":32,"minecraft:spruce_door":13,"minecraft:crafting_table":7,"minecraft:short_grass":34,"minecraft:tall_grass":1,"minecraft:copper_ore":6,"minecraft:lapis_ore":4,"minecraft:diorite":7,"minecraft:spruce_stairs":3,"minecraft:stripped_spruce_wood":22,"minecraft:ice":14,"minecraft:spruce_log":1665,"minecraft:coal_ore":51,"minecraft:gravel":28,"minecraft:fern":3},"minecraft:custom":{"minecraft:interact_with_crafting_table":94,"minecraft:open_barrel":14,"minecraft:bell_ring":43,"minecraft:eat_cake_slice":7,"minecraft:leave_game":13,"minecraft:time_since_death":8094,"minecraft:sprint_one_cm":2584279,"minecraft:damage_blocked_by_shield":7441,"minecraft:drop":506,"minecraft:talked_to_villager":17,"minecraft:play_time":1019916,"minecraft:deaths":62,"minecraft:jump":12416,"minecraft:walk_on_water_one_cm":165977,"minecraft:enchant_item":2,"minecraft:interact_with_furnace":50,"minecraft:play_record":4,"minecraft:traded_with_villager":12,"minecraft:interact_with_cartography_table":1,"minecraft:sleep_in_bed":40,"minecraft:damage_dealt":28480,"minecraft:crouch_one_cm":66133,"minecraft:interact_with_smoker":26,"minecraft:inspect_dispenser":79,"minecraft:interact_with_smithing_table":3,"minecraft:interact_with_anvil":5,"minecraft:mob_kills":349,"minecraft:climb_one_cm":34897,"minecraft:walk_one_cm":4489826,"minecraft:sneak_time":25476,"minecraft:walk_under_water_one_cm":136560,"minecraft:boat_one_cm":102783,"minecraft:interact_with_blast_furnace":6,"minecraft:total_world_time":1019916,"minecraft:time_since_rest":8099,"minecraft:damage_taken":21692,"minecraft:swim_one_cm":283127,"minecraft:fly_one_cm":1645656,"minecraft:open_chest":1198,"minecraft:fall_one_cm":211890}},"DataVersion":3955}